{
  "generated_utc": "2026-04-01 05:47 UTC",
  "data": "pipeline_data_3/v3/dataset/processed.csv",
  "columns": {
    "depth_m": {
      "min": 0.4,
      "p01": 0.47,
      "median": 0.88,
      "p99": 1.21,
      "max": 1.43
    },
    "depth_pressure": {
      "min": 1.2388400000000002,
      "p01": 2.050781,
      "median": 4.155,
      "p99": 6.633029,
      "max": 8.4455
    },
    "diameter_mm": {
      "min": 3.2,
      "p01": 9.0,
      "median": 100.0,
      "p99": 450.0,
      "max": 600.0
    },
    "elevation_m": {
      "min": 415.0,
      "p01": 432.1,
      "median": 487.9,
      "p99": 602.9,
      "max": 631.2
    },
    "elevation_pressure": {
      "min": 1560.62869,
      "p01": 1806.7698599999999,
      "median": 2390.885,
      "p99": 2889.3666899999994,
      "max": 3303.72
    },
    "high_pressure": {
      "min": 0.0,
      "p01": 0.0,
      "median": 0.0,
      "p99": 1.0,
      "max": 1.0
    },
    "install_year": {
      "min": 1996.0,
      "p01": 1998.0,
      "median": 2010.0,
      "p99": 2022.0,
      "max": 2024.0
    },
    "install_year_was_invalid": {
      "min": 0.0,
      "p01": 0.0,
      "median": 0.0,
      "p99": 1.0,
      "max": 1.0
    },
    "is_old_pipe": {
      "min": 0.0,
      "p01": 0.0,
      "median": 0.0,
      "p99": 0.0,
      "max": 0.0
    },
    "length_pressure": {
      "min": 10.166,
      "p01": 100.102152,
      "median": 668.1485,
      "p99": 4226.235707759988,
      "max": 5858.847819999997
    },
    "n_past_repairs": {
      "min": 0.0,
      "p01": 0.0,
      "median": 0.0,
      "p99": 2.0,
      "max": 7.0
    },
    "pipe_age_years": {
      "min": 1.0,
      "p01": 3.0,
      "median": 15.0,
      "p99": 27.0,
      "max": 29.0
    },
    "pipe_length_m": {
      "min": 2.21,
      "p01": 21.827099999999998,
      "median": 138.805,
      "p99": 922.6367279999997,
      "max": 922.6531999999996
    },
    "pressure_age": {
      "min": 3.0971,
      "p01": 10.357099999999999,
      "median": 70.95,
      "p99": 158.49,
      "max": 184.15
    },
    "pressure_bar": {
      "min": 3.0971,
      "p01": 3.099159,
      "median": 4.9,
      "p99": 6.35,
      "max": 6.35
    },
    "repair_rate": {
      "min": 0.0,
      "p01": 0.0,
      "median": 0.0,
      "p99": 0.1428571428571428,
      "max": 1.0
    }
  }
}
